,Time,Open,High,Low,Close,Volume,CloseTime,QuoteAssetVolume,NumberOfTrades,TakerBaseVolume,TakerQuoteVolume,Ignore
0,1561939200000,0.005322,0.005336263456205489,0.005315135497185396,0.005332772366202633,137.851137,1561939259999,1496491.94247266,1055,92.181348,1000681.20136773,0
1,1561939260000,0.005333346042509282,0.005337430421683972,0.005321558710533347,0.0053354053933536635,101.104253,1561939319999,1099120.69030657,826,44.67547,485690.72733696,0
2,1561939320000,0.005334777781667757,0.005334782684884053,0.005312634856874361,0.005312634856874361,145.113524,1561939379999,1574823.85330977,787,34.745913,377182.10687194,0
3,1561939380000,0.005312644663306954,0.005315086465022434,0.005301352556176929,0.005309477185579643,158.735093,1561939439999,1719258.31426288,801,91.363177,989621.36395768,0
4,1561939440000,0.005308516155185598,0.00530918789581817,0.0052832155590974835,0.005301607523424328,129.079572,1561939499999,1394439.29586878,1196,77.870334,841342.0280687,0
5,1561939500000,0.005301607523424328,0.005308584800213744,0.005264117531623994,0.005264117531623994,244.526198,1561939559999,2634270.02438011,1977,96.245704,1038145.20258739,0
6,1561939560000,0.005263985144783999,0.005289275934439521,0.005255757547839066,0.00528482381404262,251.394655,1561939619999,2702563.66228276,1826,126.98346,1365422.82960345,0
7,1561939620000,0.005283735300024875,0.005315086465022434,0.0052810532407108835,0.005310281313052211,148.577507,1561939679999,1606806.76184043,1156,84.693164,915949.71520061,0
8,1561939680000,0.005308133704314499,0.005319994584534876,0.005298268433126653,0.005310962860117375,125.76242,1561939739999,1361709.78959656,959,60.796682,658263.15433182,0
9,1561939740000,0.005310104797265549,0.005329796113910872,0.005310050861886292,0.0053262412820961665,96.347811,1561939799999,1045778.15478997,760,56.148095,609451.86798265,0
10,1561939800000,0.005324245673063635,0.00532636386250357,0.005302833327498365,0.005312600534360288,128.615876,1561939859999,1394855.929847,677,74.362559,806676.35998441,0
11,1561939860000,0.005312502470034365,0.005318543232511216,0.005301440814070259,0.005315086465022434,49.944933,1561939919999,540829.9571969,533,28.010219,303361.66413078,0
12,1561939920000,0.005315606205949825,0.00537217951557476,0.005315086465022434,0.00536514340018979,202.888816,1561939979999,2212023.52797849,1449,100.489357,1094978.05781361,0
13,1561939980000,0.005365138496973494,0.005385849682608415,0.00534071557660239,0.00537926466312269,282.589967,1561940039999,3090580.96345001,1650,129.642635,1418567.46651163,0
14,1561940040000,0.005379701049373048,0.005416587945568955,0.005373983899171742,0.005395200116085166,237.212293,1561940099999,2609167.68303175,1848,125.77774,1384227.92303496,0
15,1561940100000,0.00539521972895035,0.005410875698583946,0.0053827557531255475,0.005389860513538663,175.815169,1561940159999,1935912.64869837,956,79.779023,878400.96779973,0
16,1561940160000,0.005390571479901604,0.005410699182797284,0.0053831431072129425,0.005390066448623101,158.894862,1561940219999,1749922.27027189,859,64.868468,714288.28728723,0
17,1561940220000,0.00538753638901429,0.0054031727457827,0.005373022868777697,0.005381941819220387,84.475801,1561940279999,927914.06765265,831,44.03914,483869.3128279,0
18,1561940280000,0.005382084012492975,0.005391086317612699,0.005369879907131867,0.005389860513538663,87.798879,1561940339999,963539.51841537,747,46.842916,514112.98007748,0
19,1561940340000,0.005389948771431993,0.005398441142056919,0.005378999889442699,0.005392625927529689,73.782941,1561940399999,810987.11246112,565,41.586754,457229.90208405,0
20,1561940400000,0.005393508506462996,0.005413150790945357,0.005387776646612801,0.005406369642807787,78.660764,1561940459999,866621.97638923,691,49.023306,540199.75134954,0
21,1561940460000,0.00540646770713371,0.00540922821790844,0.005387100002763933,0.0053934987000304035,75.591449,1561940519999,831853.57669986,537,41.284069,454237.53899428,0
22,1561940520000,0.005391900251517859,0.00539352811932818,0.005377126860817571,0.00538137794934633,59.842879,1561940579999,657316.51588517,538,37.142514,408059.04282876,0
23,1561940580000,0.005381431884725587,0.005388340516486857,0.005373925060576188,0.005374479124017652,35.268701,1561940639999,386960.36129729,380,18.905126,207456.82980432,0
24,1561940640000,0.005373925060576188,0.005393537925760772,0.005373925060576188,0.005392988765535603,77.524953,1561940699999,851231.62542221,469,60.88221,668501.57326968,0
25,1561940700000,0.0053929936687519,0.0053935330225444765,0.005381113175666338,0.005387810969126873,35.614438,1561940759999,391318.86473602,360,16.265922,178749.22584443,0
26,1561940760000,0.0053865557457550605,0.005388840644549064,0.005356440191264131,0.005360808956983997,91.445767,1561940819999,1001826.95848629,747,29.174725,319658.80794797,0
27,1561940820000,0.005363799918924646,0.00537312093310362,0.005353728712652362,0.005366109333800131,158.25659,1561940879999,1731746.27463001,930,85.952632,940488.04940941,0
28,1561940880000,0.0053680166849393324,0.005387207873522448,0.0053632360490505895,0.005385962456583226,89.952686,1561940939999,986125.44581514,643,57.788297,633364.27136428,0
29,1561940940000,0.005385114200163993,0.005397911594696935,0.005375484283358363,0.005393611474005215,86.431575,1561940999999,949478.9856346,666,50.499109,554951.28167325,0
30,1561941000000,0.005397288886227324,0.005403344358353065,0.005390546963820123,0.005394930439188878,48.863391,1561941059999,537997.17110684,506,33.366833,367377.8470016,0
31,1561941060000,0.005397656627449535,0.005400299461033159,0.005376548281294627,0.005377862343261993,82.326162,1561941119999,904474.07996394,605,42.703678,469306.17438147,0
32,1561941120000,0.005378661567518265,0.005382603753420367,0.005371189065882938,0.005374430091854691,49.543961,1561941179999,543419.29246948,521,28.808418,316045.47504591,0
33,1561941180000,0.005374204543905068,0.005380171758137478,0.005366079914502354,0.005369041457145227,63.664705,1561941239999,697654.45635096,384,45.821711,502138.71292145,0
34,1561941240000,0.005370443777005924,0.0053745968012087605,0.005361985728895072,0.0053692326825807764,40.628669,1561941299999,444872.6123383,466,21.495585,235387.39031146,0
35,1561941300000,0.005370973324365908,0.005383697170654407,0.005366933074137883,0.005382074206060383,24.209066,1561941359999,265314.07644456,324,14.953391,163896.37488284,0
36,1561941360000,0.0053826282695018475,0.005387712904800951,0.005366021075906799,0.005369046360361522,53.337311,1561941419999,584884.90405113,410,16.263575,178398.2336388,0
37,1561941420000,0.005366727139053445,0.005374993961728748,0.005352733359744244,0.005360156829216609,65.684679,1561941479999,718408.28008255,575,39.98158,437342.81509682,0
38,1561941480000,0.005360156829216609,0.005361083537096581,0.005347697756608102,0.005360451022194379,36.895657,1561941539999,402974.7987046,458,18.288001,199794.60918879,0
39,1561941540000,0.005360916827742512,0.005373993705604333,0.0053587348964907276,0.005368163781428216,36.115885,1561941599999,395255.43591943,353,25.039784,274001.30709737,0
40,1561941600000,0.00536935526298818,0.005378132020158281,0.005365011013349794,0.005374704671967275,43.257221,1561941659999,473831.70970569,368,31.401891,344013.8449345,0
41,1561941660000,0.005376739506730175,0.005385256393436582,0.005371870612948102,0.005384398330584756,30.705105,1561941719999,336740.80020574,387,18.52986,203241.49551155,0
42,1561941720000,0.005384820007186224,0.005389958577864586,0.005374008415253222,0.0053766316359716605,46.716206,1561941779999,512920.35679582,389,20.90611,229533.90531388,0
43,1561941780000,0.005375852024580573,0.005387712904800951,0.005374140802093219,0.005376077572530196,31.23735,1561941839999,342816.28176578,314,13.054015,143271.93512646,0
44,1561941840000,0.005376077572530196,0.005383491235569969,0.005371071388691831,0.005380063887378963,44.411374,1561941899999,487019.25016416,401,33.393368,366199.89261543,0
45,1561941900000,0.005381642723026322,0.0054101549257884116,0.005380470854331543,0.0054054919670907765,100.230196,1561941959999,1103308.70615268,772,70.186947,772689.80391464,0
46,1561941960000,0.0054054919670907765,0.00541746071806967,0.005397798820722124,0.005406541255378153,104.651305,1561942019999,1154594.58211712,751,53.202272,587030.12208115,0
47,1561942020000,0.005406541255378153,0.005411498407053556,0.005391910057950452,0.005391910057950452,60.628031,1561942079999,667740.21076627,576,26.735074,294482.48851695,0
48,1561942080000,0.005393189797403747,0.0054057959665011375,0.005391914961166748,0.0053991226891220824,64.552208,1561942139999,710953.39692804,607,35.979876,396300.78809928,0
49,1561942140000,0.0053991226891220824,0.0054057959665011375,0.005393537925760772,0.005393537925760772,45.259004,1561942199999,498734.00319967,376,29.030533,319966.08431408,0
50,1561942200000,0.00539513147105702,0.005401397781483495,0.005389620255940151,0.00539767624031472,32.149195,1561942259999,353676.93422192,371,20.557239,226172.40963758,0
51,1561942260000,0.0053986666900065405,0.005409272346855105,0.005397833143236197,0.005400426944656858,43.797224,1561942319999,482793.84709393,405,23.065617,254263.22681684,0
52,1561942320000,0.005398249916621369,0.005402805004560488,0.005389924255350512,0.005394136118148902,32.950867,1561942379999,362589.61142152,347,11.714676,128929.63916668,0
53,1561942380000,0.005394136118148902,0.005396430823375499,0.005381118078882635,0.0053885905805179605,47.370882,1561942439999,520669.95686541,430,28.304507,311077.71537992,0
54,1561942440000,0.0053872912281994825,0.005393508506462996,0.005381451497590772,0.005382495882661851,27.118416,1561942499999,297991.59893199,288,15.862816,174322.67712856,0
55,1561942500000,0.0053838442671432915,0.005397798820722124,0.005381554465132991,0.00539510695497554,30.811325,1561942559999,338781.51768493,267,23.181576,254902.70518832,0
56,1561942560000,0.005395734566661445,0.005409198798610663,0.00539132657521121,0.00540552628960485,54.581434,1561942619999,601201.3828962,404,36.923163,406782.34733486,0
57,1561942620000,0.0054051046130033815,0.005430390499442607,0.005402182296090878,0.00543008159681595,85.256607,1561942679999,942015.58534183,870,61.042304,674461.365962,0
58,1561942680000,0.00543008159681595,0.005430390499442607,0.005412572211422412,0.005423476964465041,107.51889,1561942739999,1188985.23397875,591,31.003409,342833.12738167,0
59,1561942740000,0.005425026380814622,0.005444732407108834,0.005422628708045807,0.005438421967735695,100.042008,1561942799999,1109177.44193003,870,53.495687,592984.93272624,0
60,1561942800000,0.005438186613353479,0.005440064545194903,0.005416940977142278,0.005419716197565897,36.540674,1561942859999,404369.34169252,475,16.202376,179334.21333733,0
61,1561942860000,0.005418215813379276,0.005435190748196535,0.0054161172368045254,0.005423874124985029,46.858835,1561942919999,518756.34446697,509,25.202441,279007.60887654,0
62,1561942920000,0.005423874124985029,0.005439603642863066,0.0054230013524843145,0.00543645577800094,39.159794,1561942979999,433834.04676996,391,18.010466,199505.42964649,0
63,1561942980000,0.0054380689361623715,0.005438632806036428,0.005421285226780663,0.005429905081029289,67.255809,1561943039999,744852.47184866,497,22.24482,246413.01550612,0
64,1561943040000,0.005430228693304834,0.005443060410351848,0.005424428188426493,0.005443060410351848,69.836192,1561943099999,774276.16564986,426,54.342151,602654.91883468,0
65,1561943100000,0.005442795636671856,0.005451797941791581,0.005440118480574161,0.005451797941791581,60.832338,1561943159999,675673.86911494,576,26.508366,294476.6353294,0
66,1561943160000,0.005451797941791581,0.005462683081969026,0.005450380912281995,0.005452597166047853,111.484911,1561943219999,1241134.34179001,756,38.97007,433886.43410487,0
67,1561943220000,0.005454033808422624,0.005474328220672373,0.0054520283929575,0.00546917984356142,82.33195,1561943279999,917572.33104114,798,51.111986,569679.33624384,0
68,1561943280000,0.005470086938576206,0.0054775888595093095,0.005455588127988502,0.005455593031204798,254.668298,1561943339999,2837140.67373139,828,192.077877,2139119.90972308,0
69,1561943340000,0.005456892383523276,0.005457279737610673,0.0054419032513059575,0.005442570088722234,245.362598,1561943399999,2724098.88898453,831,216.729405,2406009.66771188,0
70,1561943400000,0.005442570088722234,0.005442570088722234,0.005433494235358068,0.005438799515390497,315.173062,1561943459999,3498271.42560353,944,284.45286,3157363.57151877,0
71,1561943460000,0.005438799515390497,0.00544860594798279,0.005433307913138814,0.005437877710726823,37.268955,1561943519999,413345.39586536,474,20.728829,229914.84540785,0
72,1561943520000,0.005437328550501654,0.005438137581190518,0.005428708696253028,0.005436024294966878,44.217474,1561943579999,489956.19571338,417,21.28058,235836.63620905,0
73,1561943580000,0.005435117199952091,0.00543975073935195,0.005433984556987682,0.005435215264278015,44.86943,1561943639999,497382.56294277,402,36.00532,399121.48025866,0
74,1561943640000,0.005435210361061719,0.005435215264278015,0.0054259923144249645,0.005431263271943322,46.10746,1561943699999,510742.82994153,514,26.120259,289339.16589358,0
75,1561943700000,0.0054312534655107285,0.0054312534655107285,0.005413950015201629,0.005414322659640136,52.815994,1561943759999,584065.82670469,570,28.38362,313880.37292712,0
76,1561943760000,0.005415283690034181,0.0054222560636073,0.005404168098690818,0.0054062862881307525,151.146907,1561943819999,1668430.58052928,767,69.115213,763393.78097689,0
77,1561943820000,0.005406281384914456,0.005423236706866529,0.0054055900314167,0.005421260710699183,78.732014,1561943879999,869287.7397072,470,60.532538,668274.94443027,0
78,1561943880000,0.0054203928414147656,0.0054214470329184365,0.005411292471969117,0.005419466133534793,24.066443,1561943939999,265810.18553566,300,11.07301,122289.25244966,0
79,1561943940000,0.005419103295528878,0.005419103295528878,0.005408242671432914,0.005408247574649211,35.419195,1561943999999,391109.10894244,307,14.939728,164946.10910672,0
80,1561944000000,0.005408247574649211,0.005415832850259349,0.005402613779124939,0.0054099097649736045,100.04575,1561944059999,1103568.47636205,595,71.058369,783743.48279452,0
81,1561944060000,0.0054099097649736045,0.005413234145622391,0.005397911594696935,0.005398544109599137,40.684917,1561944119999,448375.60285478,461,26.104192,287675.59253991,0
82,1561944120000,0.005398598044978395,0.005403344358353065,0.005397911594696935,0.005400544621847966,26.485411,1561944179999,291812.36852354,260,19.61683,216135.51942685,0
83,1561944180000,0.0054005004929013,0.005403344358353065,0.00539497947135184,0.005402795198127896,42.428346,1561944239999,467152.85649736,420,26.903452,296205.92175371,0
84,1561944240000,0.00540328551975751,0.00540704138344036,0.005400858427690919,0.005405565515335219,27.563179,1561944299999,303787.64838148,266,15.560503,171503.26121625,0
85,1561944300000,0.00540539880598115,0.005405952869422614,0.005398593141762099,0.005399196237366526,23.81409,1561944359999,262440.63744497,282,8.361851,92161.61027917,0
86,1561944360000,0.005398598044978395,0.005399348237071706,0.005384226718014391,0.005394655859076294,51.577531,1561944419999,567238.36492333,458,13.315396,146457.26623108,0
87,1561944420000,0.005394734310537033,0.005406482416782598,0.005391615864972683,0.0054055851282004035,28.029588,1561944479999,308729.75184404,282,17.092407,188285.90835554,0
88,1561944480000,0.0054055851282004035,0.005414401111100874,0.00540247158585235,0.00540606074018113,59.845663,1561944539999,659972.92773119,526,19.249675,212294.14344753,0
89,1561944540000,0.00540606074018113,0.005415161109626777,0.005404982032595978,0.005414964980974932,17.148107,1561944599999,189184.10164506,188,9.511011,104933.42257557,0
90,1561944600000,0.005414974787407523,0.005414974787407523,0.00540176061948941,0.00540471235569969,31.894369,1561944659999,351730.1044594,329,18.80906,207412.64898149,0
91,1561944660000,0.005403766034954534,0.005404962419730793,0.005398701012520614,0.005403471841976764,19.303476,1561944719999,212693.05406265,243,11.018174,121403.79591957,0
92,1561944720000,0.005403525777356023,0.0054156023990934304,0.005402760875613823,0.00541290563013055,18.952101,1561944779999,209068.95134731,293,8.819783,97309.00664649,0
93,1561944780000,0.005413886273389779,0.005421054775614745,0.005413082145917211,0.005420638002229573,33.445397,1561944839999,369505.04937555,271,14.47679,159949.79659249,0
94,1561944840000,0.005420530131471057,0.0054304934669848265,0.005419461230318497,0.005429650113781889,20.613794,1561944899999,228137.11800263,302,10.127139,112062.25066916,0
95,1561944900000,0.005429645210565592,0.005432763656129941,0.005416661493813398,0.005423648577035406,125.683246,1561944959999,1390951.34707586,485,19.849711,219756.48367634,0
96,1561944960000,0.0054236093513050365,0.005439628158944546,0.005422540450152477,0.005437598227397942,21.17236,1561945019999,234560.67466998,350,14.352908,158992.27300681,0
97,1561945020000,0.005437598227397942,0.005443570344846649,0.0054303414672796455,0.005433803137984725,33.743354,1561945079999,374305.70593403,412,18.537666,205652.50099486,0
98,1561945080000,0.005433607009332878,0.005446919241576916,0.005430204177223353,0.005437936549322376,35.336964,1561945139999,392006.83446419,376,22.294924,247336.0002433,0
99,1561945140000,0.005437921839673488,0.005440898091965248,0.005426428700675321,0.005426428700675321,32.296014,1561945199999,358094.07463101,220,9.723627,107818.30669215,0
100,1561945200000,0.0054275368275582495,0.0054275368275582495,0.005398450948489511,0.005410164732221004,80.229059,1561945259999,885700.14328079,724,28.174337,310868.46497494,0
101,1561945260000,0.005410164732221004,0.005412430018149824,0.005396979983600668,0.005398823592928018,47.539171,1561945319999,523675.94153537,401,21.918745,241475.9339231,0
102,1561945320000,0.0053994708174791095,0.005405031064758939,0.005398823592928018,0.005398838302576906,35.446261,1561945379999,390505.49311897,300,17.20753,189590.64929787,0
103,1561945380000,0.0053992256566643025,0.005399666946130955,0.005373125836319916,0.005382226205765564,135.517233,1561945439999,1487884.18651267,950,59.854563,657217.28711119,0
104,1561945440000,0.005382226205765564,0.005386668519729872,0.005376376668724261,0.005377921181857547,48.538925,1561945499999,532795.17409042,394,23.764036,260853.48947276,0
105,1561945500000,0.005377921181857547,0.00538862980624833,0.0053771464736827555,0.005387830581992058,25.037596,1561945559999,274809.04883174,288,15.726884,172638.43640523,0
106,1561945560000,0.00538862980624833,0.00544747330501838,0.005382863623884062,0.005399544365723551,233.023969,1561945619999,2577585.12527077,1105,76.898185,848087.65668879,0
107,1561945620000,0.005399534559290959,0.005411552342432813,0.005390757802120858,0.005393459474300034,304.548837,1561945679999,3356153.34766992,716,39.840504,439181.98804318,0
108,1561945680000,0.005391968896546005,0.005410439312333588,0.005390130190434951,0.00540602151445076,39.206855,1561945739999,432028.40111256,409,17.616283,194065.86354014,0
109,1561945740000,0.005406119578776684,0.0054156023990934304,0.00540518306446412,0.005412552598557227,33.423217,1561945799999,368763.60868618,400,9.841331,108581.10963494,0
110,1561945800000,0.005413832338010521,0.005418044200808911,0.005405898934043357,0.005410851182502464,87.5526,1561945859999,966061.50357967,446,65.973577,727870.22251229,0
111,1561945860000,0.005410846279286168,0.005410851182502464,0.005395504115495527,0.005400902556637584,40.999733,1561945919999,451630.33304825,357,13.866404,152760.20957461,0
112,1561945920000,0.005400936879151657,0.005416332978321556,0.005398441142056919,0.005413739176900895,93.034572,1561945979999,1024909.82111763,465,24.927609,274843.51784993,0
113,1561945980000,0.005413748983333486,0.005415916204936384,0.005400314170682046,0.005402775585262712,21.796234,1561946039999,240318.73406678,239,7.861046,86642.19547714,0
114,1561946040000,0.005401025137044988,0.005405369386683373,0.005390738189255674,0.0053954403736836765,28.350251,1561946099999,312067.24946492,391,14.979108,164891.73893113,0
115,1561946100000,0.0053954403736836765,0.005402197005739766,0.005391380510590469,0.005396916241788817,30.484977,1561946159999,335566.90855004,355,18.840937,207424.3886046,0
116,1561946160000,0.005396921145005113,0.0054079926074018115,0.005396916241788817,0.005405688095742623,17.179326,1561946219999,189314.06629489,343,10.208036,112485.02606749,0
117,1561946220000,0.005405688095742623,0.005415504334767507,0.00540276577883012,0.005412488856745377,43.475344,1561946279999,479638.90947166,470,20.943399,231108.2688926,0
118,1561946280000,0.005414082402041625,0.005414082402041625,0.005396077791802176,0.005396077791802176,37.208207,1561946339999,410007.67198713,394,20.370473,224456.16897807,0
119,1561946340000,0.005398284239135442,0.005402108747846436,0.005373096417022139,0.0053804659511152465,79.060533,1561946399999,868538.57579658,887,32.056052,352171.61829682,0
120,1561946400000,0.005384295363042537,0.005384305169475129,0.0053606177315484475,0.00536219166397951,54.525939,1561946459999,597135.21745494,712,20.727245,227005.42684698,0
121,1561946460000,0.005363701854598723,0.005376209959370192,0.005359328185662561,0.005361284568964723,77.23563,1561946519999,845391.10591517,742,27.564977,301815.1777294,0
122,1561946520000,0.005360799150551404,0.005370095648648898,0.005347938014206613,0.005353473745404963,68.293391,1561946579999,746469.92652487,686,23.846776,260531.79342403,0
123,1561946580000,0.0053553467740300904,0.0053568079324863415,0.005328815470651643,0.00533327249426484,93.199012,1561946639999,1015965.06630055,899,26.783866,292219.8515447,0
124,1561946640000,0.0053314435945863775,0.0053504827834643135,0.005331301401313789,0.005336641003860292,90.826728,1561946699999,989719.99710253,776,50.64774,551958.24561178,0
125,1561946700000,0.005336611584562515,0.005354312195391603,0.005331296498097493,0.005353468842188666,111.619233,1561946759999,1218060.15925376,480,79.110723,863482.68992022,0
126,1561946760000,0.0053552879354345365,0.005360495151141044,0.005348796077058439,0.0053575090924166905,46.060521,1561946819999,503089.73895767,460,28.10195,306964.0650522,0
127,1561946820000,0.0053566804488626414,0.005366079914502354,0.0053513506527487304,0.005364275530905372,29.065993,1561946879999,317873.01943667,305,12.229076,133737.12011286,0
128,1561946880000,0.005364868820077206,0.00536706546097788,0.005350164074405064,0.005356253869044877,30.653066,1561946939999,335037.73195866,298,14.420864,157627.28317384,0
129,1561946940000,0.0053566902552952345,0.005360598118683262,0.0053396123529357575,0.00534084306022609,26.914419,1561946999999,293877.43385306,358,17.377843,189815.96446708,0
130,1561947000000,0.005342720992067514,0.005364118627983895,0.005340872479523867,0.005362564308418017,37.888149,1561947059999,413623.94065269,425,25.972749,283589.942088,0
131,1561947060000,0.005362593727715794,0.00537154209745626,0.005356905996812265,0.005361451278318791,46.097986,1561947119999,504301.9685394,461,19.579654,214273.88652905,0
132,1561947120000,0.005362069083572106,0.00536749694401194,0.005345050019808183,0.005365849463336435,52.197304,1561947179999,570380.52201864,450,14.465167,158176.26888364,0
133,1561947180000,0.005366957590219364,0.005367957846343778,0.005350830911821339,0.0053519341354879724,29.240853,1561947239999,319691.02077475,376,11.008029,120326.67339607,0
134,1561947240000,0.0053519341354879724,0.005356910900028561,0.005345466793193355,0.005348810786707328,19.115532,1561947299999,208639.81812576,290,10.730589,117116.59105688,0
135,1561947300000,0.005348805883491031,0.005351870393676123,0.005341838413134207,0.005348644077353259,60.25095,1561947359999,656916.72580795,537,28.398717,309661.88997238,0
136,1561947360000,0.005350786782874674,0.005368943392819303,0.005344505762799311,0.005365427786734967,34.23438,1561947419999,374101.06751302,425,22.506543,245964.46306132,0
137,1561947420000,0.0053654228835186705,0.005371473452428115,0.0053582102523470395,0.005371473452428115,27.980648,1561947479999,306207.09352355,344,16.971149,185749.76438835,0
138,1561947480000,0.005369904423213347,0.005380941563095973,0.005364407917745368,0.005373052288075474,53.307588,1561947539999,583970.5357222,545,38.696343,423922.36150536,0
139,1561947540000,0.0053735279000562,0.005393047604131158,0.005372218741305129,0.005387202970306151,70.638911,1561947599999,775473.94554998,720,49.684547,545432.8528107,0
140,1561947600000,0.0053871980670898555,0.0054012016528316486,0.005383221558673681,0.005397264370145843,91.772131,1561947659999,1009293.41840298,655,50.037354,550387.41300035,0
141,1561947660000,0.005395798308473296,0.005423785867091698,0.005392027735141559,0.005420015293759962,104.546006,1561947719999,1154356.75139072,988,71.327915,787626.01428354,0
142,1561947720000,0.005417318524797082,0.005437666872426088,0.00541641633299859,0.005423937866796878,89.613388,1561947779999,991948.37130781,816,46.721803,517275.83151703,0
143,1561947780000,0.005424168317962797,0.005424379156263532,0.005418054007241503,0.0054228836752932075,336.812427,1561947839999,3724056.66562947,589,230.907223,2553685.67069774,0
144,1561947840000,0.005421755935545093,0.005422957223537649,0.00541855413530371,0.005422957223537649,217.880499,1561947899999,2409690.70174797,668,189.063379,2091015.6534713,0
145,1561947900000,0.005421834387005831,0.005425335283441281,0.005418054007241503,0.005423957479662064,349.555762,1561947959999,3862810.86834419,807,34.640088,382882.6500891,0
146,1561947960000,0.005423957479662064,0.005425899153315337,0.005420520325038465,0.005424962639002774,29.840479,1561948019999,330086.95989007,375,14.516809,160592.66402948,0
147,1561948020000,0.005426512055352355,0.005426673861490128,0.005418054007241503,0.005418093232971872,120.155761,1561948079999,1327863.05360738,588,26.459218,292466.21704514,0
148,1561948080000,0.005418103039404465,0.005423256319731715,0.005418054007241503,0.005423256319731715,112.144468,1561948139999,1239339.797589,554,23.712625,262156.42594511,0
149,1561948140000,0.005423687802765775,0.005436156681806875,0.0054220550317391585,0.005433342235652887,38.387456,1561948199999,425068.14336002,444,23.46013,259777.62201923,0
150,1561948200000,0.005433342235652887,0.005444702987811058,0.005433342235652887,0.005435808553449848,126.007354,1561948259999,1397679.97690072,694,69.194246,767547.17022282,0
151,1561948260000,0.0054350632645728345,0.005456818835278834,0.0054350632645728345,0.005454813419813711,58.134946,1561948319999,645957.96105522,657,37.728494,419208.38160663,0
152,1561948320000,0.00545504387097963,0.005465296496254872,0.005449400269022766,0.00546415404685787,58.506792,1561948379999,651442.10160302,637,38.936856,433617.20345,0
153,1561948380000,0.005463016500677164,0.005466586042140758,0.005442570088722234,0.005447958723431698,73.328115,1561948439999,815981.7335522,628,16.383355,182314.43658343,0
154,1561948440000,0.005445874856505837,0.005453288519545609,0.00543080727282778,0.005436892164251297,144.319084,1561948499999,1602256.88371434,712,117.966098,1309888.0882986,0
155,1561948500000,0.005436848035304632,0.005440584286122295,0.005426526765001244,0.005430356176928534,103.79049,1561948559999,1150460.30923198,537,80.154412,888545.63234086,0
156,1561948560000,0.005430140435411504,0.005430140435411504,0.005420765485853273,0.00542373193171244,42.86346,1561948619999,474283.86593928,469,23.437138,259337.27614323,0
157,1561948620000,0.005424094769718355,0.00544041267355193,0.005424094769718355,0.005435818359882441,32.314173,1561948679999,357990.34456899,363,18.517205,205119.99738866,0
158,1561948680000,0.005434832813406915,0.00543570558590763,0.005422957223537649,0.005422957223537649,49.163646,1561948739999,544342.74648371,235,12.151681,134598.36912835,0
159,1561948740000,0.005424511543103527,0.005425438250983499,0.005418054007241503,0.0054202653577910655,192.58028,1561948799999,2128521.60700664,350,78.309494,865704.34232207,0
160,1561948800000,0.0054203830349821725,0.005421491161865102,0.005418054007241503,0.005418054007241503,80.528187,1561948859999,889952.40479862,321,24.252025,268078.35105924,0
161,1561948860000,0.005418054007241503,0.005430758240664818,0.005418054007241503,0.005426580700380501,97.7933,1561948919999,1081387.48422869,378,63.587388,703132.93335074,0
162,1561948920000,0.005426252184888659,0.005434077718097309,0.005426252184888659,0.005432876430104753,13.488971,1561948979999,149402.0798554,181,7.310788,80973.77053631,0
163,1561948980000,0.0054343277821284125,0.005436367520107609,0.0054195543914281235,0.005421883419168793,29.850107,1561949039999,330273.64440093,381,13.669063,151247.04340731,0
164,1561949040000,0.005420799808367345,0.005429556952672262,0.005418054007241503,0.005429556952672262,192.339521,1561949099999,2125564.65582093,356,78.357383,865960.09227848,0
165,1561949100000,0.005429556952672262,0.005434886748786173,0.00542819876175823,0.005432087012281074,16.426741,1561949159999,181982.87549047,252,7.424606,82253.53777291,0
166,1561949160000,0.005432087012281074,0.005442408282584461,0.005430321854414461,0.005439446739941589,26.960396,1561949219999,298966.71321207,304,17.976174,199349.69164137,0
167,1561949220000,0.005438672031766798,0.0054419964124155845,0.005422020709225085,0.0054240065118250245,40.290829,1561949279999,446368.87243029,405,24.557516,272055.96497211,0
168,1561949280000,0.005424011415041321,0.005426271797753845,0.005418063813674096,0.005420451680010319,31.043804,1561949339999,343216.05843359,281,10.410854,115105.71983861,0
169,1561949340000,0.005419147424475543,0.005429757984540404,0.005419147424475543,0.005425649089284234,21.325866,1561949399999,235944.76753202,289,12.623288,139648.33871482,0
170,1561949400000,0.005425418638118315,0.005436343004026128,0.00542377115744281,0.0054336609447121365,33.960812,1561949459999,376134.1676615,316,25.780412,285538.04186536,0
171,1561949460000,0.005434347394993597,0.005441800283763739,0.005433548170737325,0.005439000547258639,41.674867,1561949519999,462258.6917982,324,24.671334,273657.05548313,0
172,1561949520000,0.005438995644042343,0.005446821177250993,0.005430204177223353,0.0054304591444707525,45.580544,1561949579999,505800.51343391,515,24.095164,267417.95367024,0
173,1561949580000,0.005432111528362554,0.0054393535788319625,0.005429797210270774,0.005435269199657273,32.043806,1561949639999,355198.76598778,352,16.062265,178053.08153189,0
174,1561949640000,0.005435994875669102,0.005442349443988907,0.0054355781022839295,0.005442349443988907,21.412225,1561949699999,237536.85240039,286,14.240685,157990.64129894,0
175,1561949700000,0.005442192541067431,0.005449400269022766,0.005438750483227536,0.005446384791000636,33.936855,1561949759999,376850.50235724,317,20.129245,223568.446312,0
176,1561949760000,0.005445982727264351,0.005449797429542753,0.005438113065109037,0.005439142740531228,25.041642,1561949819999,278115.18207573,291,8.112337,90117.3782173,0
